<?xml version="1.0" encoding="UTF-8" standalone="yes" ?>
<!DOCTYPE boost_serialization>
<boost_serialization signature="serialization::archive" version="15">
<engine class_id="0" tracking_level="0" version="0">
	<topology_ class_id="1" tracking_level="0" version="0">
		<levels_ class_id="2" tracking_level="0" version="0">
			<count>7</count>
			<item_version>1</item_version>
			<item class_id="3" tracking_level="0" version="1">
				<px class_id="4" class_name="model::ArithmeticUnits" tracking_level="1" version="0" object_id="_0">
					<Level class_id="5" tracking_level="0" version="0"></Level>
					<specs_ class_id="6" tracking_level="0" version="0">
						<LevelSpecs class_id="7" tracking_level="0" version="0">
							<level_name>mac</level_name>
						</LevelSpecs>
						<instances class_id="8" tracking_level="0" version="0">
							<t_>256</t_>
						</instances>
						<meshX>
							<t_>16</t_>
						</meshX>
						<meshY>
							<t_>16</t_>
						</meshY>
						<word_bits>
							<t_>16</t_>
						</word_bits>
					</specs_>
					<energy_>1.15956720000000015e+08</energy_>
					<area_>1.23950000000000000e+03</area_>
					<cycles_>1098075</cycles_>
					<utilized_instances_>48</utilized_instances_>
					<maccs_>52707600</maccs_>
				</px>
			</item>
			<item>
				<px class_id="9" class_name="model::BufferLevel" tracking_level="1" version="0" object_id="_1">
					<Level></Level>
					<subnest_ class_id="10" tracking_level="0" version="0">
						<count>1</count>
						<item_version>0</item_version>
						<item class_id="11" tracking_level="0" version="0">
							<dimension>6</dimension>
							<start>0</start>
							<end>1</end>
							<stride>1</stride>
							<spacetime_dimension>0</spacetime_dimension>
						</item>
					</subnest_>
					<specs_ class_id="12" tracking_level="0" version="0">
						<LevelSpecs>
							<level_name>output_activation_reg</level_name>
						</LevelSpecs>
						<name class_id="13" tracking_level="0" version="0">
							<t_>output_activation_reg</t_>
						</name>
						<technology class_id="14" tracking_level="0" version="0">
							<t_>0</t_>
						</technology>
						<size>
							<t_>1</t_>
						</size>
						<word_bits>
							<t_>16</t_>
						</word_bits>
						<addr_gen_bits>
							<t_>0</t_>
						</addr_gen_bits>
						<block_size>
							<t_>1</t_>
						</block_size>
						<cluster_size>
							<t_>1</t_>
						</cluster_size>
						<instances>
							<t_>256</t_>
						</instances>
						<meshX>
							<t_>16</t_>
						</meshX>
						<meshY>
							<t_>16</t_>
						</meshY>
						<read_bandwidth class_id="15" tracking_level="0" version="0"></read_bandwidth>
						<write_bandwidth></write_bandwidth>
						<multiple_buffering>
							<t_>1.00000000000000000e+00</t_>
						</multiple_buffering>
						<min_utilization>
							<t_>0.00000000000000000e+00</t_>
						</min_utilization>
						<num_ports>
							<t_>2</t_>
						</num_ports>
						<num_banks>
							<t_>2</t_>
						</num_banks>
						<read_network_name></read_network_name>
						<fill_network_name></fill_network_name>
						<drain_network_name></drain_network_name>
						<update_network_name></update_network_name>
					</specs_>
					<stats_ class_id="16" tracking_level="0" version="0">
						<keep class_id="17" tracking_level="0" version="0">
							<PerDataSpace>
								<item>0</item>
								<item>0</item>
								<item>1</item>
							</PerDataSpace>
						</keep>
						<partition_size class_id="18" tracking_level="0" version="0">
							<PerDataSpace>
								<item>0</item>
								<item>0</item>
								<item>9075</item>
							</PerDataSpace>
						</partition_size>
						<utilized_capacity>
							<PerDataSpace>
								<item>0</item>
								<item>0</item>
								<item>1</item>
							</PerDataSpace>
						</utilized_capacity>
						<utilized_instances>
							<PerDataSpace>
								<item>48</item>
								<item>48</item>
								<item>48</item>
							</PerDataSpace>
						</utilized_instances>
						<utilized_clusters>
							<PerDataSpace>
								<item>48</item>
								<item>48</item>
								<item>48</item>
							</PerDataSpace>
						</utilized_clusters>
						<reads>
							<PerDataSpace>
								<item>0</item>
								<item>0</item>
								<item>1089000</item>
							</PerDataSpace>
						</reads>
						<updates>
							<PerDataSpace>
								<item>0</item>
								<item>0</item>
								<item>1098075</item>
							</PerDataSpace>
						</updates>
						<fills>
							<PerDataSpace>
								<item>0</item>
								<item>0</item>
								<item>9075</item>
							</PerDataSpace>
						</fills>
						<address_generations>
							<PerDataSpace>
								<item>0</item>
								<item>0</item>
								<item>1107150</item>
							</PerDataSpace>
						</address_generations>
						<temporal_reductions>
							<PerDataSpace>
								<item>0</item>
								<item>0</item>
								<item>1089000</item>
							</PerDataSpace>
						</temporal_reductions>
						<read_bandwidth class_id="19" tracking_level="0" version="0">
							<PerDataSpace>
								<item>0.00000000000000000e+00</item>
								<item>0.00000000000000000e+00</item>
								<item>9.91735537190082672e-01</item>
							</PerDataSpace>
						</read_bandwidth>
						<write_bandwidth>
							<PerDataSpace>
								<item>0.00000000000000000e+00</item>
								<item>0.00000000000000000e+00</item>
								<item>1.00826446280991733e+00</item>
							</PerDataSpace>
						</write_bandwidth>
						<energy_per_access>
							<PerDataSpace>
								<item>-nan</item>
								<item>-nan</item>
								<item>8.99999999999999932e-03</item>
							</PerDataSpace>
						</energy_per_access>
						<energy>
							<PerDataSpace>
								<item>0.00000000000000000e+00</item>
								<item>0.00000000000000000e+00</item>
								<item>1.97653499999999985e+04</item>
							</PerDataSpace>
						</energy>
						<temporal_reduction_energy>
							<PerDataSpace>
								<item>0.00000000000000000e+00</item>
								<item>0.00000000000000000e+00</item>
								<item>0.00000000000000000e+00</item>
							</PerDataSpace>
						</temporal_reduction_energy>
						<addr_gen_energy>
							<PerDataSpace>
								<item>0.00000000000000000e+00</item>
								<item>0.00000000000000000e+00</item>
								<item>0.00000000000000000e+00</item>
							</PerDataSpace>
						</addr_gen_energy>
						<cycles>1098075</cycles>
						<slowdown>1.00000000000000000e+00</slowdown>
					</stats_>
				</px>
			</item>
			<item>
				<px class_id_reference="9" object_id="_2">
					<Level></Level>
					<subnest_>
						<count>1</count>
						<item_version>0</item_version>
						<item>
							<dimension>6</dimension>
							<start>0</start>
							<end>1</end>
							<stride>1</stride>
							<spacetime_dimension>0</spacetime_dimension>
						</item>
					</subnest_>
					<specs_>
						<LevelSpecs>
							<level_name>input_activation_reg</level_name>
						</LevelSpecs>
						<name>
							<t_>input_activation_reg</t_>
						</name>
						<technology>
							<t_>0</t_>
						</technology>
						<size>
							<t_>1</t_>
						</size>
						<word_bits>
							<t_>16</t_>
						</word_bits>
						<addr_gen_bits>
							<t_>0</t_>
						</addr_gen_bits>
						<block_size>
							<t_>1</t_>
						</block_size>
						<cluster_size>
							<t_>1</t_>
						</cluster_size>
						<instances>
							<t_>256</t_>
						</instances>
						<meshX>
							<t_>16</t_>
						</meshX>
						<meshY>
							<t_>16</t_>
						</meshY>
						<read_bandwidth></read_bandwidth>
						<write_bandwidth></write_bandwidth>
						<multiple_buffering>
							<t_>1.00000000000000000e+00</t_>
						</multiple_buffering>
						<min_utilization>
							<t_>0.00000000000000000e+00</t_>
						</min_utilization>
						<num_ports>
							<t_>2</t_>
						</num_ports>
						<num_banks>
							<t_>2</t_>
						</num_banks>
						<read_network_name></read_network_name>
						<fill_network_name></fill_network_name>
						<drain_network_name></drain_network_name>
						<update_network_name></update_network_name>
					</specs_>
					<stats_>
						<keep>
							<PerDataSpace>
								<item>0</item>
								<item>1</item>
								<item>0</item>
							</PerDataSpace>
						</keep>
						<partition_size>
							<PerDataSpace>
								<item>0</item>
								<item>51529</item>
								<item>0</item>
							</PerDataSpace>
						</partition_size>
						<utilized_capacity>
							<PerDataSpace>
								<item>0</item>
								<item>1</item>
								<item>0</item>
							</PerDataSpace>
						</utilized_capacity>
						<utilized_instances>
							<PerDataSpace>
								<item>48</item>
								<item>48</item>
								<item>48</item>
							</PerDataSpace>
						</utilized_instances>
						<utilized_clusters>
							<PerDataSpace>
								<item>48</item>
								<item>48</item>
								<item>48</item>
							</PerDataSpace>
						</utilized_clusters>
						<reads>
							<PerDataSpace>
								<item>0</item>
								<item>1098075</item>
								<item>0</item>
							</PerDataSpace>
						</reads>
						<updates>
							<PerDataSpace>
								<item>0</item>
								<item>0</item>
								<item>0</item>
							</PerDataSpace>
						</updates>
						<fills>
							<PerDataSpace>
								<item>0</item>
								<item>1098075</item>
								<item>0</item>
							</PerDataSpace>
						</fills>
						<address_generations>
							<PerDataSpace>
								<item>0</item>
								<item>2196150</item>
								<item>0</item>
							</PerDataSpace>
						</address_generations>
						<temporal_reductions>
							<PerDataSpace>
								<item>0</item>
								<item>0</item>
								<item>0</item>
							</PerDataSpace>
						</temporal_reductions>
						<read_bandwidth>
							<PerDataSpace>
								<item>0.00000000000000000e+00</item>
								<item>1.00000000000000000e+00</item>
								<item>0.00000000000000000e+00</item>
							</PerDataSpace>
						</read_bandwidth>
						<write_bandwidth>
							<PerDataSpace>
								<item>0.00000000000000000e+00</item>
								<item>1.00000000000000000e+00</item>
								<item>0.00000000000000000e+00</item>
							</PerDataSpace>
						</write_bandwidth>
						<energy_per_access>
							<PerDataSpace>
								<item>-nan</item>
								<item>8.99999999999999932e-03</item>
								<item>-nan</item>
							</PerDataSpace>
						</energy_per_access>
						<energy>
							<PerDataSpace>
								<item>0.00000000000000000e+00</item>
								<item>1.97653499999999985e+04</item>
								<item>0.00000000000000000e+00</item>
							</PerDataSpace>
						</energy>
						<temporal_reduction_energy>
							<PerDataSpace>
								<item>0.00000000000000000e+00</item>
								<item>0.00000000000000000e+00</item>
								<item>0.00000000000000000e+00</item>
							</PerDataSpace>
						</temporal_reduction_energy>
						<addr_gen_energy>
							<PerDataSpace>
								<item>0.00000000000000000e+00</item>
								<item>0.00000000000000000e+00</item>
								<item>0.00000000000000000e+00</item>
							</PerDataSpace>
						</addr_gen_energy>
						<cycles>1098075</cycles>
						<slowdown>1.00000000000000000e+00</slowdown>
					</stats_>
				</px>
			</item>
			<item>
				<px class_id_reference="9" object_id="_3">
					<Level></Level>
					<subnest_>
						<count>1</count>
						<item_version>0</item_version>
						<item>
							<dimension>6</dimension>
							<start>0</start>
							<end>1</end>
							<stride>1</stride>
							<spacetime_dimension>0</spacetime_dimension>
						</item>
					</subnest_>
					<specs_>
						<LevelSpecs>
							<level_name>weight_reg</level_name>
						</LevelSpecs>
						<name>
							<t_>weight_reg</t_>
						</name>
						<technology>
							<t_>0</t_>
						</technology>
						<size>
							<t_>1</t_>
						</size>
						<word_bits>
							<t_>16</t_>
						</word_bits>
						<addr_gen_bits>
							<t_>0</t_>
						</addr_gen_bits>
						<block_size>
							<t_>1</t_>
						</block_size>
						<cluster_size>
							<t_>1</t_>
						</cluster_size>
						<instances>
							<t_>256</t_>
						</instances>
						<meshX>
							<t_>16</t_>
						</meshX>
						<meshY>
							<t_>16</t_>
						</meshY>
						<read_bandwidth></read_bandwidth>
						<write_bandwidth></write_bandwidth>
						<multiple_buffering>
							<t_>1.00000000000000000e+00</t_>
						</multiple_buffering>
						<min_utilization>
							<t_>0.00000000000000000e+00</t_>
						</min_utilization>
						<num_ports>
							<t_>2</t_>
						</num_ports>
						<num_banks>
							<t_>2</t_>
						</num_banks>
						<read_network_name></read_network_name>
						<fill_network_name></fill_network_name>
						<drain_network_name></drain_network_name>
						<update_network_name></update_network_name>
					</specs_>
					<stats_>
						<keep>
							<PerDataSpace>
								<item>1</item>
								<item>0</item>
								<item>0</item>
							</PerDataSpace>
						</keep>
						<partition_size>
							<PerDataSpace>
								<item>363</item>
								<item>0</item>
								<item>0</item>
							</PerDataSpace>
						</partition_size>
						<utilized_capacity>
							<PerDataSpace>
								<item>1</item>
								<item>0</item>
								<item>0</item>
							</PerDataSpace>
						</utilized_capacity>
						<utilized_instances>
							<PerDataSpace>
								<item>48</item>
								<item>48</item>
								<item>48</item>
							</PerDataSpace>
						</utilized_instances>
						<utilized_clusters>
							<PerDataSpace>
								<item>48</item>
								<item>48</item>
								<item>48</item>
							</PerDataSpace>
						</utilized_clusters>
						<reads>
							<PerDataSpace>
								<item>1098075</item>
								<item>0</item>
								<item>0</item>
							</PerDataSpace>
						</reads>
						<updates>
							<PerDataSpace>
								<item>0</item>
								<item>0</item>
								<item>0</item>
							</PerDataSpace>
						</updates>
						<fills>
							<PerDataSpace>
								<item>1098075</item>
								<item>0</item>
								<item>0</item>
							</PerDataSpace>
						</fills>
						<address_generations>
							<PerDataSpace>
								<item>2196150</item>
								<item>0</item>
								<item>0</item>
							</PerDataSpace>
						</address_generations>
						<temporal_reductions>
							<PerDataSpace>
								<item>0</item>
								<item>0</item>
								<item>0</item>
							</PerDataSpace>
						</temporal_reductions>
						<read_bandwidth>
							<PerDataSpace>
								<item>1.00000000000000000e+00</item>
								<item>0.00000000000000000e+00</item>
								<item>0.00000000000000000e+00</item>
							</PerDataSpace>
						</read_bandwidth>
						<write_bandwidth>
							<PerDataSpace>
								<item>1.00000000000000000e+00</item>
								<item>0.00000000000000000e+00</item>
								<item>0.00000000000000000e+00</item>
							</PerDataSpace>
						</write_bandwidth>
						<energy_per_access>
							<PerDataSpace>
								<item>8.99999999999999932e-03</item>
								<item>-nan</item>
								<item>-nan</item>
							</PerDataSpace>
						</energy_per_access>
						<energy>
							<PerDataSpace>
								<item>1.97653499999999985e+04</item>
								<item>0.00000000000000000e+00</item>
								<item>0.00000000000000000e+00</item>
							</PerDataSpace>
						</energy>
						<temporal_reduction_energy>
							<PerDataSpace>
								<item>0.00000000000000000e+00</item>
								<item>0.00000000000000000e+00</item>
								<item>0.00000000000000000e+00</item>
							</PerDataSpace>
						</temporal_reduction_energy>
						<addr_gen_energy>
							<PerDataSpace>
								<item>0.00000000000000000e+00</item>
								<item>0.00000000000000000e+00</item>
								<item>0.00000000000000000e+00</item>
							</PerDataSpace>
						</addr_gen_energy>
						<cycles>1098075</cycles>
						<slowdown>1.00000000000000000e+00</slowdown>
					</stats_>
				</px>
			</item>
			<item>
				<px class_id_reference="9" object_id="_4">
					<Level></Level>
					<subnest_>
						<count>2</count>
						<item_version>0</item_version>
						<item>
							<dimension>2</dimension>
							<start>0</start>
							<end>11</end>
							<stride>1</stride>
							<spacetime_dimension>0</spacetime_dimension>
						</item>
						<item>
							<dimension>3</dimension>
							<start>0</start>
							<end>11</end>
							<stride>1</stride>
							<spacetime_dimension>0</spacetime_dimension>
						</item>
					</subnest_>
					<specs_>
						<LevelSpecs>
							<level_name>pe_spad</level_name>
						</LevelSpecs>
						<name>
							<t_>pe_spad</t_>
						</name>
						<technology>
							<t_>0</t_>
						</technology>
						<size>
							<t_>192</t_>
						</size>
						<word_bits>
							<t_>16</t_>
						</word_bits>
						<addr_gen_bits>
							<t_>8</t_>
						</addr_gen_bits>
						<block_size>
							<t_>1</t_>
						</block_size>
						<cluster_size>
							<t_>1</t_>
						</cluster_size>
						<instances>
							<t_>256</t_>
						</instances>
						<meshX>
							<t_>16</t_>
						</meshX>
						<meshY>
							<t_>16</t_>
						</meshY>
						<read_bandwidth></read_bandwidth>
						<write_bandwidth></write_bandwidth>
						<multiple_buffering>
							<t_>1.00000000000000000e+00</t_>
						</multiple_buffering>
						<min_utilization>
							<t_>0.00000000000000000e+00</t_>
						</min_utilization>
						<num_ports>
							<t_>2</t_>
						</num_ports>
						<num_banks>
							<t_>2</t_>
						</num_banks>
						<read_network_name></read_network_name>
						<fill_network_name></fill_network_name>
						<drain_network_name></drain_network_name>
						<update_network_name></update_network_name>
					</specs_>
					<stats_>
						<keep>
							<PerDataSpace>
								<item>1</item>
								<item>0</item>
								<item>0</item>
							</PerDataSpace>
						</keep>
						<partition_size>
							<PerDataSpace>
								<item>363</item>
								<item>0</item>
								<item>0</item>
							</PerDataSpace>
						</partition_size>
						<utilized_capacity>
							<PerDataSpace>
								<item>121</item>
								<item>0</item>
								<item>0</item>
							</PerDataSpace>
						</utilized_capacity>
						<utilized_instances>
							<PerDataSpace>
								<item>48</item>
								<item>48</item>
								<item>48</item>
							</PerDataSpace>
						</utilized_instances>
						<utilized_clusters>
							<PerDataSpace>
								<item>48</item>
								<item>48</item>
								<item>48</item>
							</PerDataSpace>
						</utilized_clusters>
						<reads>
							<PerDataSpace>
								<item>1098075</item>
								<item>0</item>
								<item>0</item>
							</PerDataSpace>
						</reads>
						<updates>
							<PerDataSpace>
								<item>0</item>
								<item>0</item>
								<item>0</item>
							</PerDataSpace>
						</updates>
						<fills>
							<PerDataSpace>
								<item>3993</item>
								<item>0</item>
								<item>0</item>
							</PerDataSpace>
						</fills>
						<address_generations>
							<PerDataSpace>
								<item>1102068</item>
								<item>0</item>
								<item>0</item>
							</PerDataSpace>
						</address_generations>
						<temporal_reductions>
							<PerDataSpace>
								<item>0</item>
								<item>0</item>
								<item>0</item>
							</PerDataSpace>
						</temporal_reductions>
						<read_bandwidth>
							<PerDataSpace>
								<item>1.00000000000000000e+00</item>
								<item>0.00000000000000000e+00</item>
								<item>0.00000000000000000e+00</item>
							</PerDataSpace>
						</read_bandwidth>
						<write_bandwidth>
							<PerDataSpace>
								<item>3.63636363636363636e-03</item>
								<item>0.00000000000000000e+00</item>
								<item>0.00000000000000000e+00</item>
							</PerDataSpace>
						</write_bandwidth>
						<energy_per_access>
							<PerDataSpace>
								<item>1.58600000000000008e+00</item>
								<item>-nan</item>
								<item>-nan</item>
							</PerDataSpace>
						</energy_per_access>
						<energy>
							<PerDataSpace>
								<item>1.74787984800000000e+06</item>
								<item>0.00000000000000000e+00</item>
								<item>0.00000000000000000e+00</item>
							</PerDataSpace>
						</energy>
						<temporal_reduction_energy>
							<PerDataSpace>
								<item>0.00000000000000000e+00</item>
								<item>0.00000000000000000e+00</item>
								<item>0.00000000000000000e+00</item>
							</PerDataSpace>
						</temporal_reduction_energy>
						<addr_gen_energy>
							<PerDataSpace>
								<item>0.00000000000000000e+00</item>
								<item>0.00000000000000000e+00</item>
								<item>0.00000000000000000e+00</item>
							</PerDataSpace>
						</addr_gen_energy>
						<cycles>1098075</cycles>
						<slowdown>1.00000000000000000e+00</slowdown>
					</stats_>
				</px>
			</item>
			<item>
				<px class_id_reference="9" object_id="_5">
					<Level></Level>
					<subnest_>
						<count>5</count>
						<item_version>0</item_version>
						<item>
							<dimension>0</dimension>
							<start>0</start>
							<end>3</end>
							<stride>1</stride>
							<spacetime_dimension>1</spacetime_dimension>
						</item>
						<item>
							<dimension>1</dimension>
							<start>0</start>
							<end>16</end>
							<stride>1</stride>
							<spacetime_dimension>2</spacetime_dimension>
						</item>
						<item>
							<dimension>6</dimension>
							<start>0</start>
							<end>5</end>
							<stride>1</stride>
							<spacetime_dimension>0</spacetime_dimension>
						</item>
						<item>
							<dimension>5</dimension>
							<start>0</start>
							<end>55</end>
							<stride>1</stride>
							<spacetime_dimension>0</spacetime_dimension>
						</item>
						<item>
							<dimension>1</dimension>
							<start>0</start>
							<end>3</end>
							<stride>1</stride>
							<spacetime_dimension>0</spacetime_dimension>
						</item>
					</subnest_>
					<specs_>
						<LevelSpecs>
							<level_name>shared_glb</level_name>
						</LevelSpecs>
						<name>
							<t_>shared_glb</t_>
						</name>
						<technology>
							<t_>0</t_>
						</technology>
						<size>
							<t_>65536</t_>
						</size>
						<word_bits>
							<t_>16</t_>
						</word_bits>
						<addr_gen_bits>
							<t_>14</t_>
						</addr_gen_bits>
						<block_size>
							<t_>4</t_>
						</block_size>
						<cluster_size>
							<t_>1</t_>
						</cluster_size>
						<instances>
							<t_>1</t_>
						</instances>
						<meshX>
							<t_>1</t_>
						</meshX>
						<meshY>
							<t_>1</t_>
						</meshY>
						<read_bandwidth>
							<t_>1.60000000000000000e+01</t_>
						</read_bandwidth>
						<write_bandwidth>
							<t_>1.60000000000000000e+01</t_>
						</write_bandwidth>
						<multiple_buffering>
							<t_>1.00000000000000000e+00</t_>
						</multiple_buffering>
						<min_utilization>
							<t_>0.00000000000000000e+00</t_>
						</min_utilization>
						<num_ports>
							<t_>2</t_>
						</num_ports>
						<num_banks>
							<t_>2</t_>
						</num_banks>
						<read_network_name></read_network_name>
						<fill_network_name></fill_network_name>
						<drain_network_name></drain_network_name>
						<update_network_name></update_network_name>
					</specs_>
					<stats_>
						<keep>
							<PerDataSpace>
								<item>1</item>
								<item>1</item>
								<item>0</item>
							</PerDataSpace>
						</keep>
						<partition_size>
							<PerDataSpace>
								<item>17424</item>
								<item>154587</item>
								<item>0</item>
							</PerDataSpace>
						</partition_size>
						<utilized_capacity>
							<PerDataSpace>
								<item>17424</item>
								<item>18387</item>
								<item>0</item>
							</PerDataSpace>
						</utilized_capacity>
						<utilized_instances>
							<PerDataSpace>
								<item>1</item>
								<item>1</item>
								<item>1</item>
							</PerDataSpace>
						</utilized_instances>
						<utilized_clusters>
							<PerDataSpace>
								<item>1</item>
								<item>1</item>
								<item>1</item>
							</PerDataSpace>
						</utilized_clusters>
						<reads>
							<PerDataSpace>
								<item>191664</item>
								<item>3294225</item>
								<item>0</item>
							</PerDataSpace>
						</reads>
						<updates>
							<PerDataSpace>
								<item>0</item>
								<item>0</item>
								<item>0</item>
							</PerDataSpace>
						</updates>
						<fills>
							<PerDataSpace>
								<item>17424</item>
								<item>154587</item>
								<item>0</item>
							</PerDataSpace>
						</fills>
						<address_generations>
							<PerDataSpace>
								<item>209088</item>
								<item>3448812</item>
								<item>0</item>
							</PerDataSpace>
						</address_generations>
						<temporal_reductions>
							<PerDataSpace>
								<item>0</item>
								<item>0</item>
								<item>0</item>
							</PerDataSpace>
						</temporal_reductions>
						<read_bandwidth>
							<PerDataSpace>
								<item>1.74545454545454559e-01</item>
								<item>3.00000000000000000e+00</item>
								<item>0.00000000000000000e+00</item>
							</PerDataSpace>
						</read_bandwidth>
						<write_bandwidth>
							<PerDataSpace>
								<item>1.58677685950413226e-02</item>
								<item>1.40780001366026919e-01</item>
								<item>0.00000000000000000e+00</item>
							</PerDataSpace>
						</write_bandwidth>
						<energy_per_access>
							<PerDataSpace>
								<item>1.88037500000000009e+01</item>
								<item>1.88037500000000009e+01</item>
								<item>-nan</item>
							</PerDataSpace>
						</energy_per_access>
						<energy>
							<PerDataSpace>
								<item>3.93163847999999998e+06</item>
								<item>6.48505986450000033e+07</item>
								<item>0.00000000000000000e+00</item>
							</PerDataSpace>
						</energy>
						<temporal_reduction_energy>
							<PerDataSpace>
								<item>0.00000000000000000e+00</item>
								<item>0.00000000000000000e+00</item>
								<item>0.00000000000000000e+00</item>
							</PerDataSpace>
						</temporal_reduction_energy>
						<addr_gen_energy>
							<PerDataSpace>
								<item>0.00000000000000000e+00</item>
								<item>0.00000000000000000e+00</item>
								<item>0.00000000000000000e+00</item>
							</PerDataSpace>
						</addr_gen_energy>
						<cycles>1098075</cycles>
						<slowdown>1.00000000000000000e+00</slowdown>
					</stats_>
				</px>
			</item>
			<item>
				<px class_id_reference="9" object_id="_6">
					<Level></Level>
					<subnest_>
						<count>1</count>
						<item_version>0</item_version>
						<item>
							<dimension>6</dimension>
							<start>0</start>
							<end>11</end>
							<stride>1</stride>
							<spacetime_dimension>0</spacetime_dimension>
						</item>
					</subnest_>
					<specs_>
						<LevelSpecs>
							<level_name>DRAM</level_name>
						</LevelSpecs>
						<name>
							<t_>DRAM</t_>
						</name>
						<technology>
							<t_>1</t_>
						</technology>
						<size></size>
						<word_bits>
							<t_>16</t_>
						</word_bits>
						<addr_gen_bits>
							<t_>17</t_>
						</addr_gen_bits>
						<block_size>
							<t_>4</t_>
						</block_size>
						<cluster_size>
							<t_>1</t_>
						</cluster_size>
						<instances>
							<t_>1</t_>
						</instances>
						<meshX>
							<t_>1</t_>
						</meshX>
						<meshY>
							<t_>1</t_>
						</meshY>
						<read_bandwidth></read_bandwidth>
						<write_bandwidth></write_bandwidth>
						<multiple_buffering>
							<t_>1.00000000000000000e+00</t_>
						</multiple_buffering>
						<min_utilization>
							<t_>0.00000000000000000e+00</t_>
						</min_utilization>
						<num_ports>
							<t_>2</t_>
						</num_ports>
						<num_banks>
							<t_>2</t_>
						</num_banks>
						<read_network_name></read_network_name>
						<fill_network_name></fill_network_name>
						<drain_network_name></drain_network_name>
						<update_network_name></update_network_name>
					</specs_>
					<stats_>
						<keep>
							<PerDataSpace>
								<item>1</item>
								<item>1</item>
								<item>1</item>
							</PerDataSpace>
						</keep>
						<partition_size>
							<PerDataSpace>
								<item>17424</item>
								<item>154587</item>
								<item>145200</item>
							</PerDataSpace>
						</partition_size>
						<utilized_capacity>
							<PerDataSpace>
								<item>17424</item>
								<item>154587</item>
								<item>145200</item>
							</PerDataSpace>
						</utilized_capacity>
						<utilized_instances>
							<PerDataSpace>
								<item>1</item>
								<item>1</item>
								<item>1</item>
							</PerDataSpace>
						</utilized_instances>
						<utilized_clusters>
							<PerDataSpace>
								<item>1</item>
								<item>1</item>
								<item>1</item>
							</PerDataSpace>
						</utilized_clusters>
						<reads>
							<PerDataSpace>
								<item>17424</item>
								<item>154587</item>
								<item>0</item>
							</PerDataSpace>
						</reads>
						<updates>
							<PerDataSpace>
								<item>0</item>
								<item>0</item>
								<item>145200</item>
							</PerDataSpace>
						</updates>
						<fills>
							<PerDataSpace>
								<item>0</item>
								<item>0</item>
								<item>0</item>
							</PerDataSpace>
						</fills>
						<address_generations>
							<PerDataSpace>
								<item>17424</item>
								<item>154587</item>
								<item>145200</item>
							</PerDataSpace>
						</address_generations>
						<temporal_reductions>
							<PerDataSpace>
								<item>0</item>
								<item>0</item>
								<item>0</item>
							</PerDataSpace>
						</temporal_reductions>
						<read_bandwidth>
							<PerDataSpace>
								<item>1.58677685950413226e-02</item>
								<item>1.40780001366026919e-01</item>
								<item>0.00000000000000000e+00</item>
							</PerDataSpace>
						</read_bandwidth>
						<write_bandwidth>
							<PerDataSpace>
								<item>0.00000000000000000e+00</item>
								<item>0.00000000000000000e+00</item>
								<item>1.32231404958677690e-01</item>
							</PerDataSpace>
						</write_bandwidth>
						<energy_per_access>
							<PerDataSpace>
								<item>1.28000000000000000e+02</item>
								<item>1.28000828012704829e+02</item>
								<item>1.28000000000000000e+02</item>
							</PerDataSpace>
						</energy_per_access>
						<energy>
							<PerDataSpace>
								<item>2.23027200000000000e+06</item>
								<item>1.97872640000000000e+07</item>
								<item>1.85856000000000000e+07</item>
							</PerDataSpace>
						</energy>
						<temporal_reduction_energy>
							<PerDataSpace>
								<item>0.00000000000000000e+00</item>
								<item>0.00000000000000000e+00</item>
								<item>0.00000000000000000e+00</item>
							</PerDataSpace>
						</temporal_reduction_energy>
						<addr_gen_energy>
							<PerDataSpace>
								<item>0.00000000000000000e+00</item>
								<item>0.00000000000000000e+00</item>
								<item>0.00000000000000000e+00</item>
							</PerDataSpace>
						</addr_gen_energy>
						<cycles>1098075</cycles>
						<slowdown>1.00000000000000000e+00</slowdown>
					</stats_>
				</px>
			</item>
		</levels_>
		<networks_ class_id="20" tracking_level="0" version="0">
			<count>6</count>
			<item_version>0</item_version>
			<item class_id="21" tracking_level="0" version="0">
				<first>DRAM &lt;==&gt; shared_glb</first>
				<second class_id="22" tracking_level="0" version="1">
					<px class_id="23" class_name="model::LegacyNetwork" tracking_level="1" version="0" object_id="_7">
						<Network class_id="24" tracking_level="0" version="0"></Network>
						<specs_ class_id="25" tracking_level="0" version="0">
							<NetworkSpecs class_id="26" tracking_level="0" version="0">
								<name>DRAM &lt;==&gt; shared_glb</name>
							</NetworkSpecs>
							<word_bits>
								<t_>16</t_>
							</word_bits>
							<router_energy></router_energy>
							<wire_energy></wire_energy>
							<tile_width>
								<t_>1.55400505228092766e+03</t_>
							</tile_width>
							<energy_per_hop></energy_per_hop>
						</specs_>
						<stats_ class_id="27" tracking_level="0" version="0">
							<fanout>
								<PerDataSpace>
									<item>1</item>
									<item>1</item>
									<item>1</item>
								</PerDataSpace>
							</fanout>
							<distributed_fanout>
								<PerDataSpace>
									<item>0</item>
									<item>0</item>
									<item>0</item>
								</PerDataSpace>
							</distributed_fanout>
							<multicast_factor>
								<PerDataSpace>
									<item>1</item>
									<item>1</item>
									<item>1</item>
								</PerDataSpace>
							</multicast_factor>
							<ingresses class_id="28" tracking_level="0" version="0">
								<PerDataSpace>
									<item>
										<count>1</count>
										<item_version>0</item_version>
										<item>17424</item>
									</item>
									<item>
										<count>1</count>
										<item_version>0</item_version>
										<item>154587</item>
									</item>
									<item>
										<count>1</count>
										<item_version>0</item_version>
										<item>145200</item>
									</item>
								</PerDataSpace>
							</ingresses>
							<distributed_multicast>
								<PerDataSpace>
									<item>0</item>
									<item>0</item>
									<item>0</item>
								</PerDataSpace>
							</distributed_multicast>
							<link_transfers>
								<PerDataSpace>
									<item>0</item>
									<item>0</item>
									<item>0</item>
								</PerDataSpace>
							</link_transfers>
							<spatial_reductions>
								<PerDataSpace>
									<item>0</item>
									<item>0</item>
									<item>0</item>
								</PerDataSpace>
							</spatial_reductions>
							<link_transfer_energy>
								<PerDataSpace>
									<item>0.00000000000000000e+00</item>
									<item>0.00000000000000000e+00</item>
									<item>0.00000000000000000e+00</item>
								</PerDataSpace>
							</link_transfer_energy>
							<num_hops>
								<PerDataSpace>
									<item>5.00000000000000000e-01</item>
									<item>5.00000000000000000e-01</item>
									<item>5.00000000000000000e-01</item>
								</PerDataSpace>
							</num_hops>
							<energy_per_hop>
								<PerDataSpace>
									<item>0.00000000000000000e+00</item>
									<item>0.00000000000000000e+00</item>
									<item>0.00000000000000000e+00</item>
								</PerDataSpace>
							</energy_per_hop>
							<energy>
								<PerDataSpace>
									<item>0.00000000000000000e+00</item>
									<item>0.00000000000000000e+00</item>
									<item>0.00000000000000000e+00</item>
								</PerDataSpace>
							</energy>
							<spatial_reduction_energy>
								<PerDataSpace>
									<item>0.00000000000000000e+00</item>
									<item>0.00000000000000000e+00</item>
									<item>0.00000000000000000e+00</item>
								</PerDataSpace>
							</spatial_reduction_energy>
						</stats_>
					</px>
				</second>
			</item>
			<item>
				<first>input_activation_reg &lt;==&gt; output_activation_reg</first>
				<second>
					<px class_id_reference="23" object_id="_8">
						<Network></Network>
						<specs_>
							<NetworkSpecs>
								<name>input_activation_reg &lt;==&gt; output_activation_reg</name>
							</NetworkSpecs>
							<word_bits>
								<t_>16</t_>
							</word_bits>
							<router_energy></router_energy>
							<wire_energy></wire_energy>
							<tile_width>
								<t_>3.52913587159671920e+01</t_>
							</tile_width>
							<energy_per_hop></energy_per_hop>
						</specs_>
						<stats_>
							<fanout>
								<PerDataSpace>
									<item>1</item>
									<item>1</item>
									<item>1</item>
								</PerDataSpace>
							</fanout>
							<distributed_fanout>
								<PerDataSpace>
									<item>0</item>
									<item>0</item>
									<item>0</item>
								</PerDataSpace>
							</distributed_fanout>
							<multicast_factor>
								<PerDataSpace>
									<item>1</item>
									<item>1</item>
									<item>1</item>
								</PerDataSpace>
							</multicast_factor>
							<ingresses>
								<PerDataSpace>
									<item>
										<count>1</count>
										<item_version>0</item_version>
										<item>1098075</item>
									</item>
									<item>
										<count>1</count>
										<item_version>0</item_version>
										<item>1098075</item>
									</item>
									<item>
										<count>1</count>
										<item_version>0</item_version>
										<item>9075</item>
									</item>
								</PerDataSpace>
							</ingresses>
							<distributed_multicast>
								<PerDataSpace>
									<item>0</item>
									<item>0</item>
									<item>0</item>
								</PerDataSpace>
							</distributed_multicast>
							<link_transfers>
								<PerDataSpace>
									<item>0</item>
									<item>0</item>
									<item>0</item>
								</PerDataSpace>
							</link_transfers>
							<spatial_reductions>
								<PerDataSpace>
									<item>0</item>
									<item>0</item>
									<item>0</item>
								</PerDataSpace>
							</spatial_reductions>
							<link_transfer_energy>
								<PerDataSpace>
									<item>0.00000000000000000e+00</item>
									<item>0.00000000000000000e+00</item>
									<item>0.00000000000000000e+00</item>
								</PerDataSpace>
							</link_transfer_energy>
							<num_hops>
								<PerDataSpace>
									<item>5.00000000000000000e-01</item>
									<item>5.00000000000000000e-01</item>
									<item>5.00000000000000000e-01</item>
								</PerDataSpace>
							</num_hops>
							<energy_per_hop>
								<PerDataSpace>
									<item>0.00000000000000000e+00</item>
									<item>0.00000000000000000e+00</item>
									<item>0.00000000000000000e+00</item>
								</PerDataSpace>
							</energy_per_hop>
							<energy>
								<PerDataSpace>
									<item>0.00000000000000000e+00</item>
									<item>0.00000000000000000e+00</item>
									<item>0.00000000000000000e+00</item>
								</PerDataSpace>
							</energy>
							<spatial_reduction_energy>
								<PerDataSpace>
									<item>0.00000000000000000e+00</item>
									<item>0.00000000000000000e+00</item>
									<item>0.00000000000000000e+00</item>
								</PerDataSpace>
							</spatial_reduction_energy>
						</stats_>
					</px>
				</second>
			</item>
			<item>
				<first>output_activation_reg &lt;==&gt; mac</first>
				<second>
					<px class_id_reference="23" object_id="_9">
						<Network></Network>
						<specs_>
							<NetworkSpecs>
								<name>output_activation_reg &lt;==&gt; mac</name>
							</NetworkSpecs>
							<word_bits>
								<t_>16</t_>
							</word_bits>
							<router_energy></router_energy>
							<wire_energy></wire_energy>
							<tile_width>
								<t_>3.52065334845678919e+01</t_>
							</tile_width>
							<energy_per_hop></energy_per_hop>
						</specs_>
						<stats_>
							<fanout>
								<PerDataSpace>
									<item>1</item>
									<item>1</item>
									<item>1</item>
								</PerDataSpace>
							</fanout>
							<distributed_fanout>
								<PerDataSpace>
									<item>0</item>
									<item>0</item>
									<item>0</item>
								</PerDataSpace>
							</distributed_fanout>
							<multicast_factor>
								<PerDataSpace>
									<item>1</item>
									<item>1</item>
									<item>1</item>
								</PerDataSpace>
							</multicast_factor>
							<ingresses>
								<PerDataSpace>
									<item>
										<count>1</count>
										<item_version>0</item_version>
										<item>1098075</item>
									</item>
									<item>
										<count>1</count>
										<item_version>0</item_version>
										<item>1098075</item>
									</item>
									<item>
										<count>1</count>
										<item_version>0</item_version>
										<item>1098075</item>
									</item>
								</PerDataSpace>
							</ingresses>
							<distributed_multicast>
								<PerDataSpace>
									<item>0</item>
									<item>0</item>
									<item>0</item>
								</PerDataSpace>
							</distributed_multicast>
							<link_transfers>
								<PerDataSpace>
									<item>0</item>
									<item>0</item>
									<item>0</item>
								</PerDataSpace>
							</link_transfers>
							<spatial_reductions>
								<PerDataSpace>
									<item>0</item>
									<item>0</item>
									<item>0</item>
								</PerDataSpace>
							</spatial_reductions>
							<link_transfer_energy>
								<PerDataSpace>
									<item>0.00000000000000000e+00</item>
									<item>0.00000000000000000e+00</item>
									<item>0.00000000000000000e+00</item>
								</PerDataSpace>
							</link_transfer_energy>
							<num_hops>
								<PerDataSpace>
									<item>5.00000000000000000e-01</item>
									<item>5.00000000000000000e-01</item>
									<item>5.00000000000000000e-01</item>
								</PerDataSpace>
							</num_hops>
							<energy_per_hop>
								<PerDataSpace>
									<item>0.00000000000000000e+00</item>
									<item>0.00000000000000000e+00</item>
									<item>0.00000000000000000e+00</item>
								</PerDataSpace>
							</energy_per_hop>
							<energy>
								<PerDataSpace>
									<item>0.00000000000000000e+00</item>
									<item>0.00000000000000000e+00</item>
									<item>0.00000000000000000e+00</item>
								</PerDataSpace>
							</energy>
							<spatial_reduction_energy>
								<PerDataSpace>
									<item>0.00000000000000000e+00</item>
									<item>0.00000000000000000e+00</item>
									<item>0.00000000000000000e+00</item>
								</PerDataSpace>
							</spatial_reduction_energy>
						</stats_>
					</px>
				</second>
			</item>
			<item>
				<first>pe_spad &lt;==&gt; weight_reg</first>
				<second>
					<px class_id_reference="23" object_id="_10">
						<Network></Network>
						<specs_>
							<NetworkSpecs>
								<name>pe_spad &lt;==&gt; weight_reg</name>
							</NetworkSpecs>
							<word_bits>
								<t_>16</t_>
							</word_bits>
							<router_energy></router_energy>
							<wire_energy></wire_energy>
							<tile_width>
								<t_>3.54604004497583247e+01</t_>
							</tile_width>
							<energy_per_hop></energy_per_hop>
						</specs_>
						<stats_>
							<fanout>
								<PerDataSpace>
									<item>1</item>
									<item>1</item>
									<item>1</item>
								</PerDataSpace>
							</fanout>
							<distributed_fanout>
								<PerDataSpace>
									<item>0</item>
									<item>0</item>
									<item>0</item>
								</PerDataSpace>
							</distributed_fanout>
							<multicast_factor>
								<PerDataSpace>
									<item>1</item>
									<item>1</item>
									<item>1</item>
								</PerDataSpace>
							</multicast_factor>
							<ingresses>
								<PerDataSpace>
									<item>
										<count>1</count>
										<item_version>0</item_version>
										<item>1098075</item>
									</item>
									<item>
										<count>1</count>
										<item_version>0</item_version>
										<item>1098075</item>
									</item>
									<item>
										<count>1</count>
										<item_version>0</item_version>
										<item>9075</item>
									</item>
								</PerDataSpace>
							</ingresses>
							<distributed_multicast>
								<PerDataSpace>
									<item>0</item>
									<item>0</item>
									<item>0</item>
								</PerDataSpace>
							</distributed_multicast>
							<link_transfers>
								<PerDataSpace>
									<item>0</item>
									<item>0</item>
									<item>0</item>
								</PerDataSpace>
							</link_transfers>
							<spatial_reductions>
								<PerDataSpace>
									<item>0</item>
									<item>0</item>
									<item>0</item>
								</PerDataSpace>
							</spatial_reductions>
							<link_transfer_energy>
								<PerDataSpace>
									<item>0.00000000000000000e+00</item>
									<item>0.00000000000000000e+00</item>
									<item>0.00000000000000000e+00</item>
								</PerDataSpace>
							</link_transfer_energy>
							<num_hops>
								<PerDataSpace>
									<item>5.00000000000000000e-01</item>
									<item>5.00000000000000000e-01</item>
									<item>5.00000000000000000e-01</item>
								</PerDataSpace>
							</num_hops>
							<energy_per_hop>
								<PerDataSpace>
									<item>0.00000000000000000e+00</item>
									<item>0.00000000000000000e+00</item>
									<item>0.00000000000000000e+00</item>
								</PerDataSpace>
							</energy_per_hop>
							<energy>
								<PerDataSpace>
									<item>0.00000000000000000e+00</item>
									<item>0.00000000000000000e+00</item>
									<item>0.00000000000000000e+00</item>
								</PerDataSpace>
							</energy>
							<spatial_reduction_energy>
								<PerDataSpace>
									<item>0.00000000000000000e+00</item>
									<item>0.00000000000000000e+00</item>
									<item>0.00000000000000000e+00</item>
								</PerDataSpace>
							</spatial_reduction_energy>
						</stats_>
					</px>
				</second>
			</item>
			<item>
				<first>shared_glb &lt;==&gt; pe_spad</first>
				<second>
					<px class_id_reference="23" object_id="_11">
						<Network></Network>
						<specs_>
							<NetworkSpecs>
								<name>shared_glb &lt;==&gt; pe_spad</name>
							</NetworkSpecs>
							<word_bits>
								<t_>16</t_>
							</word_bits>
							<router_energy></router_energy>
							<wire_energy></wire_energy>
							<tile_width>
								<t_>6.99436911500804683e+01</t_>
							</tile_width>
							<energy_per_hop></energy_per_hop>
						</specs_>
						<stats_>
							<fanout>
								<PerDataSpace>
									<item>48</item>
									<item>48</item>
									<item>48</item>
								</PerDataSpace>
							</fanout>
							<distributed_fanout>
								<PerDataSpace>
									<item>0</item>
									<item>0</item>
									<item>0</item>
								</PerDataSpace>
							</distributed_fanout>
							<multicast_factor>
								<PerDataSpace>
									<item>1</item>
									<item>16</item>
									<item>3</item>
								</PerDataSpace>
							</multicast_factor>
							<ingresses>
								<PerDataSpace>
									<item>
										<count>48</count>
										<item_version>0</item_version>
										<item>191664</item>
										<item>0</item>
										<item>0</item>
										<item>0</item>
										<item>0</item>
										<item>0</item>
										<item>0</item>
										<item>0</item>
										<item>0</item>
										<item>0</item>
										<item>0</item>
										<item>0</item>
										<item>0</item>
										<item>0</item>
										<item>0</item>
										<item>0</item>
										<item>0</item>
										<item>0</item>
										<item>0</item>
										<item>0</item>
										<item>0</item>
										<item>0</item>
										<item>0</item>
										<item>0</item>
										<item>0</item>
										<item>0</item>
										<item>0</item>
										<item>0</item>
										<item>0</item>
										<item>0</item>
										<item>0</item>
										<item>0</item>
										<item>0</item>
										<item>0</item>
										<item>0</item>
										<item>0</item>
										<item>0</item>
										<item>0</item>
										<item>0</item>
										<item>0</item>
										<item>0</item>
										<item>0</item>
										<item>0</item>
										<item>0</item>
										<item>0</item>
										<item>0</item>
										<item>0</item>
										<item>0</item>
									</item>
									<item>
										<count>48</count>
										<item_version>0</item_version>
										<item>0</item>
										<item>0</item>
										<item>0</item>
										<item>0</item>
										<item>0</item>
										<item>0</item>
										<item>0</item>
										<item>0</item>
										<item>0</item>
										<item>0</item>
										<item>0</item>
										<item>0</item>
										<item>0</item>
										<item>0</item>
										<item>0</item>
										<item>3294225</item>
										<item>0</item>
										<item>0</item>
										<item>0</item>
										<item>0</item>
										<item>0</item>
										<item>0</item>
										<item>0</item>
										<item>0</item>
										<item>0</item>
										<item>0</item>
										<item>0</item>
										<item>0</item>
										<item>0</item>
										<item>0</item>
										<item>0</item>
										<item>0</item>
										<item>0</item>
										<item>0</item>
										<item>0</item>
										<item>0</item>
										<item>0</item>
										<item>0</item>
										<item>0</item>
										<item>0</item>
										<item>0</item>
										<item>0</item>
										<item>0</item>
										<item>0</item>
										<item>0</item>
										<item>0</item>
										<item>0</item>
										<item>0</item>
									</item>
									<item>
										<count>48</count>
										<item_version>0</item_version>
										<item>0</item>
										<item>0</item>
										<item>145200</item>
										<item>0</item>
										<item>0</item>
										<item>0</item>
										<item>0</item>
										<item>0</item>
										<item>0</item>
										<item>0</item>
										<item>0</item>
										<item>0</item>
										<item>0</item>
										<item>0</item>
										<item>0</item>
										<item>0</item>
										<item>0</item>
										<item>0</item>
										<item>0</item>
										<item>0</item>
										<item>0</item>
										<item>0</item>
										<item>0</item>
										<item>0</item>
										<item>0</item>
										<item>0</item>
										<item>0</item>
										<item>0</item>
										<item>0</item>
										<item>0</item>
										<item>0</item>
										<item>0</item>
										<item>0</item>
										<item>0</item>
										<item>0</item>
										<item>0</item>
										<item>0</item>
										<item>0</item>
										<item>0</item>
										<item>0</item>
										<item>0</item>
										<item>0</item>
										<item>0</item>
										<item>0</item>
										<item>0</item>
										<item>0</item>
										<item>0</item>
										<item>0</item>
									</item>
								</PerDataSpace>
							</ingresses>
							<distributed_multicast>
								<PerDataSpace>
									<item>0</item>
									<item>0</item>
									<item>0</item>
								</PerDataSpace>
							</distributed_multicast>
							<link_transfers>
								<PerDataSpace>
									<item>0</item>
									<item>0</item>
									<item>0</item>
								</PerDataSpace>
							</link_transfers>
							<spatial_reductions>
								<PerDataSpace>
									<item>0</item>
									<item>0</item>
									<item>290400</item>
								</PerDataSpace>
							</spatial_reductions>
							<link_transfer_energy>
								<PerDataSpace>
									<item>0.00000000000000000e+00</item>
									<item>0.00000000000000000e+00</item>
									<item>0.00000000000000000e+00</item>
								</PerDataSpace>
							</link_transfer_energy>
							<num_hops>
								<PerDataSpace>
									<item>3.46410161513775527e+00</item>
									<item>2.79448637286709101e+01</item>
									<item>1.10980762113533142e+01</item>
								</PerDataSpace>
							</num_hops>
							<energy_per_hop>
								<PerDataSpace>
									<item>0.00000000000000000e+00</item>
									<item>0.00000000000000000e+00</item>
									<item>0.00000000000000000e+00</item>
								</PerDataSpace>
							</energy_per_hop>
							<energy>
								<PerDataSpace>
									<item>0.00000000000000000e+00</item>
									<item>0.00000000000000000e+00</item>
									<item>0.00000000000000000e+00</item>
								</PerDataSpace>
							</energy>
							<spatial_reduction_energy>
								<PerDataSpace>
									<item>0.00000000000000000e+00</item>
									<item>0.00000000000000000e+00</item>
									<item>0.00000000000000000e+00</item>
								</PerDataSpace>
							</spatial_reduction_energy>
						</stats_>
					</px>
				</second>
			</item>
			<item>
				<first>weight_reg &lt;==&gt; input_activation_reg</first>
				<second>
					<px class_id_reference="23" object_id="_12">
						<Network></Network>
						<specs_>
							<NetworkSpecs>
								<name>weight_reg &lt;==&gt; input_activation_reg</name>
							</NetworkSpecs>
							<word_bits>
								<t_>16</t_>
							</word_bits>
							<router_energy></router_energy>
							<wire_energy></wire_energy>
							<tile_width>
								<t_>3.53759805523203426e+01</t_>
							</tile_width>
							<energy_per_hop></energy_per_hop>
						</specs_>
						<stats_>
							<fanout>
								<PerDataSpace>
									<item>1</item>
									<item>1</item>
									<item>1</item>
								</PerDataSpace>
							</fanout>
							<distributed_fanout>
								<PerDataSpace>
									<item>0</item>
									<item>0</item>
									<item>0</item>
								</PerDataSpace>
							</distributed_fanout>
							<multicast_factor>
								<PerDataSpace>
									<item>1</item>
									<item>1</item>
									<item>1</item>
								</PerDataSpace>
							</multicast_factor>
							<ingresses>
								<PerDataSpace>
									<item>
										<count>1</count>
										<item_version>0</item_version>
										<item>1098075</item>
									</item>
									<item>
										<count>1</count>
										<item_version>0</item_version>
										<item>1098075</item>
									</item>
									<item>
										<count>1</count>
										<item_version>0</item_version>
										<item>9075</item>
									</item>
								</PerDataSpace>
							</ingresses>
							<distributed_multicast>
								<PerDataSpace>
									<item>0</item>
									<item>0</item>
									<item>0</item>
								</PerDataSpace>
							</distributed_multicast>
							<link_transfers>
								<PerDataSpace>
									<item>0</item>
									<item>0</item>
									<item>0</item>
								</PerDataSpace>
							</link_transfers>
							<spatial_reductions>
								<PerDataSpace>
									<item>0</item>
									<item>0</item>
									<item>0</item>
								</PerDataSpace>
							</spatial_reductions>
							<link_transfer_energy>
								<PerDataSpace>
									<item>0.00000000000000000e+00</item>
									<item>0.00000000000000000e+00</item>
									<item>0.00000000000000000e+00</item>
								</PerDataSpace>
							</link_transfer_energy>
							<num_hops>
								<PerDataSpace>
									<item>5.00000000000000000e-01</item>
									<item>5.00000000000000000e-01</item>
									<item>5.00000000000000000e-01</item>
								</PerDataSpace>
							</num_hops>
							<energy_per_hop>
								<PerDataSpace>
									<item>0.00000000000000000e+00</item>
									<item>0.00000000000000000e+00</item>
									<item>0.00000000000000000e+00</item>
								</PerDataSpace>
							</energy_per_hop>
							<energy>
								<PerDataSpace>
									<item>0.00000000000000000e+00</item>
									<item>0.00000000000000000e+00</item>
									<item>0.00000000000000000e+00</item>
								</PerDataSpace>
							</energy>
							<spatial_reduction_energy>
								<PerDataSpace>
									<item>0.00000000000000000e+00</item>
									<item>0.00000000000000000e+00</item>
									<item>0.00000000000000000e+00</item>
								</PerDataSpace>
							</spatial_reduction_energy>
						</stats_>
					</px>
				</second>
			</item>
		</networks_>
	</topology_>
</engine>
<mapping class_id="30" tracking_level="0" version="0">
	<datatype_bypass_nest>
		<item class_id="31" tracking_level="0" version="0">
			<bits>0000000000111100</bits>
		</item>
		<item>
			<bits>0000000000110010</bits>
		</item>
		<item>
			<bits>0000000000100001</bits>
		</item>
	</datatype_bypass_nest>
</mapping>
<a class_id="32" tracking_level="1" version="0" object_id="_13">
	<workload_ class_id="33" tracking_level="0" version="0">
		<bounds_ class_id="34" tracking_level="0" version="0">
			<count>7</count>
			<item_version>0</item_version>
			<item class_id="35" tracking_level="0" version="0">
				<first>0</first>
				<second>3</second>
			</item>
			<item>
				<first>1</first>
				<second>48</second>
			</item>
			<item>
				<first>2</first>
				<second>11</second>
			</item>
			<item>
				<first>3</first>
				<second>11</second>
			</item>
			<item>
				<first>4</first>
				<second>1</second>
			</item>
			<item>
				<first>5</first>
				<second>55</second>
			</item>
			<item>
				<first>6</first>
				<second>55</second>
			</item>
		</bounds_>
		<coefficients_>
			<count>4</count>
			<item_version>0</item_version>
			<item>
				<first>0</first>
				<second>4</second>
			</item>
			<item>
				<first>1</first>
				<second>4</second>
			</item>
			<item>
				<first>2</first>
				<second>1</second>
			</item>
			<item>
				<first>3</first>
				<second>1</second>
			</item>
		</coefficients_>
		<densities_ class_id="36" tracking_level="0" version="0">
			<count>3</count>
			<item_version>0</item_version>
			<item class_id="37" tracking_level="0" version="0">
				<first>0</first>
				<second>1.00000000000000000e+00</second>
			</item>
			<item>
				<first>1</first>
				<second>1.00000000000000000e+00</second>
			</item>
			<item>
				<first>2</first>
				<second>1.00000000000000000e+00</second>
			</item>
		</densities_>
	</workload_>
</a>
</boost_serialization>

